Station Name,LineName,LineNumber,Station Number,Lattitude,Longitude,ID
Van Cordlandt Park - 242 Street,1,1,1,40.889222,-73.898583,101
238 Street,1,1,2,40.885097,-73.900608,102
231 Street,1,1,3,40.879,-73.905,103
Marble Hill - 225 Street,1,1,4,40.874,-73.91,104
215 Street,1,1,5,40.869473,-73.915074,105
207 Street,1,1,6,40.8644,-73.9189,106
Dyckman Street,1,1,7,40.861,-73.925,107
191 Street,1,1,8,40.855,-73.929,108
181 Street,1,1,9,40.849,-73.934,109
168 Street - Washington Heights,1,1,10,40.841022,-73.939791,110
157 Street,1,1,11,40.834,-73.944,111
145 Street,1,1,12,40.826,-73.95,112
137 Street - City College,1,1,13,40.821,-73.954,113
125 Street,1,1,14,40.815,-73.958,114
116 Street - Columbia University,1,1,15,40.808,-73.964,115
Cathedral Pkwy (110 Street),1,1,16,40.804,-73.967,116
103 Street,1,1,17,40.799419,-73.968158,117
96 Street,1,1,18,40.7941,-73.972,118
86 Street,1,1,19,40.7883,-73.9764,119
79 Street,1,1,20,40.784,-73.98,120
72 Street,1,1,21,40.779,-73.982,121
66 Street - Lincoln Center,1,1,22,40.774,-73.982,122
59 Street - Columbus Circle,1,1,23,40.767997,-73.981934,123
50 Street,1,1,24,40.761,-73.984,124
Times Square - 42 Street,1,1,25,40.756,-73.987,125
34 Street - Penn Station,1,1,26,40.751,-73.991,126
28 Street,1,1,27,40.747,-73.993,127
23 Street,1,1,28,40.744,-73.996,128
18 Street,1,1,29,40.741,-73.998,129
14 Street,1,1,30,40.737328,-73.996796,130
Christopher Street - Sheridan Square,1,1,31,40.733,-74.003,131
Houston Street,1,1,32,40.728592,-74.005322,132
Canal Street,1,1,33,40.722,-74.006,133
Franklin Street,1,1,34,40.719,-74.007,134
Chambers Street,1,1,35,40.715517,-74.009233,135
Cortlandt Street,1,1,36,40.71,-74.012,136
Rector Street,1,1,37,40.708,-74.013,137
South Ferry,1,1,38,40.702472,-74.012833,138
Wakefield - 241 Street,2,2,1,40.903,-73.85,201
Nereid Avenue,2,2,2,40.898,-73.854,202
223 Street,2,2,3,40.893,-73.857,203
225 Street,2,2,4,40.888,-73.86,204
219 Street,2,2,5,40.883,-73.863,205
Gun Hill Road,2,2,6,40.877,-73.867,206
Burke Avenue,2,2,7,40.871,-73.867,207
Allerton Avenue,2,2,8,40.865,-73.867,208
Pelham Parkway,2,2,9,40.857,-73.868,209
Bronx Park East,2,2,10,40.849,-73.868,210
East 180 Street,2,2,11,40.841,-73.874,211
West Farms Square - East Tremont Avenue,2,2,12,40.84,-73.88,212
174 Street,2,2,13,40.837,-73.888,213
Freeman Street,2,2,14,40.83,-73.892,214
Simpson Street,2,2,15,40.824,-73.893,215
Intervale Avenue,2,2,16,40.822,-73.897,216
Prospect Avenue,2,2,17,40.819,-73.901,217
Jackson Avenue,2,2,18,40.8163,-73.908,218
3 Avenue - 149 Street,2,2,19,40.816099,-73.917676,219
149 Street - Grand Concourse,2,2,20,40.8181,-73.9275,220
135 Street,2,2,21,40.814,-73.941,221
125 Street,2,2,22,40.807,-73.945,222
116 Street,2,2,23,40.802,-73.95,223
Central Park North (110 Street),2,2,24,40.798,-73.953,224
96 Street,2,2,25,40.7941,-73.972,225
86 Street,2,2,26,40.7883,-73.9764,226
79 Street,2,2,27,40.784,-73.98,227
72 Street,2,2,28,40.779,-73.982,228
66 Street - Lincoln Center,2,2,29,40.774,-73.982,229
59 Street - Columbus Circle,2,2,30,40.767997,-73.981934,230
50 Street,2,2,31,40.761,-73.984,231
Times Square - 42 Street,2,2,32,40.756,-73.987,232
34 Street - Penn Station,2,2,33,40.751,-73.991,233
28 Street,2,2,34,40.747,-73.993,234
23 Street,2,2,35,40.744,-73.996,235
18 Street,2,2,36,40.741,-73.998,236
14 Street,2,2,37,40.737328,-73.996796,237
Christopher Street - Sheridan Square,2,2,38,40.733,-74.003,238
Houston Street,2,2,39,40.728592,-74.005322,239
Canal Street,2,2,40,40.722,-74.006,240
Franklin Street,2,2,41,40.719,-74.007,241
Chambers Street,2,2,42,40.715517,-74.009233,242
Park Place,2,2,43,40.712655,-74.009657,243
Fulton Street,2,2,44,40.710206,-74.007744,244
Wall Street,2,2,45,40.706311,-74.009528,245
Clark Street,2,2,46,40.6974,-73.9931,246
Borough Hall,2,2,47,40.693655,-73.990216,247
Hoyt Street,2,2,48,40.690531,-73.985109,248
Nevins Street,2,2,49,40.688709,-73.980904,249
Atlantic Avenue,2,2,50,40.684462,-73.978758,250
Bergen Street,2,2,51,40.680833,-73.97511,251
Grand Army Plaza,2,2,52,40.674584,-73.970518,252
East Parkway - Brooklyn Museum,2,2,53,40.671622,-73.96275,253
Franklin Avenue,2,2,54,40.670711,-73.958545,254
President Street,2,2,55,40.668009,-73.950691,255
Sterling Street,2,2,56,40.663061,-73.950863,256
Winthrop Street,2,2,57,40.657039,-73.950262,257
Church Avenue,2,2,58,40.650755,-73.950005,258
Beverly Road,2,2,59,40.645122,-73.94906,259
Newkirk Avenue,2,2,60,40.639912,-73.94846,260
Flatbush Avenue - Brooklyn College,2,2,61,40.632361,-73.947486,261
Harlem - 148 Street,3,3,1,40.824,-73.937,301
145 Street,3,3,2,40.82,-73.936,302
135 Street,3,3,3,40.814,-73.941,303
125 Street,3,3,4,40.807,-73.945,304
116 Street,3,3,5,40.802,-73.95,305
Central Park North (110 Street),3,3,6,40.798,-73.953,306
96 Street,3,3,7,40.7941,-73.972,307
72 Street,3,3,8,40.779,-73.982,308
Times Square - 42 Street,3,3,9,40.756,-73.987,309
34 Street - Penn Station,3,3,10,40.751,-73.991,310
14 Street,3,3,11,40.737328,-73.996796,311
Chambers Street,3,3,12,40.715517,-74.009233,312
Park Place,3,3,13,40.712655,-74.009657,313
Fulton Street,3,3,14,40.710206,-74.007744,314
Wall Street,3,3,15,40.706311,-74.009528,315
Clark Street,3,3,16,40.6974,-73.9931,316
Borough Hall,3,3,17,40.693655,-73.990216,317
Hoyt Street - Fulton Mall,3,3,18,40.690531,-73.985109,318
Nevins Street,3,3,19,40.688709,-73.980904,319
Atlantic Avenue,3,3,20,40.684462,-73.978758,320
Bergen Street,3,3,21,40.680833,-73.97511,321
Grand Army Plaza,3,3,22,40.674584,-73.970518,322
Eastern Parkway - Brooklyn Museum,3,3,23,40.671622,-73.96275,323
Franklin Avenue,3,3,24,40.670711,-73.958545,324
Nostrand Avenue,3,3,25,40.6698,-73.95052,325
Kingston Avenue,3,3,26,40.669376,-73.942151,326
Crown Heights - Utica Avenue,3,3,27,40.668758,-73.931208,327
Sutter Avenue - Rutland Road,3,3,28,40.664884,-73.922882,328
Saratoga Avenue,3,3,29,40.661531,-73.915586,329
Rockaway Avenue,3,3,30,40.662541,-73.908892,330
Junius Street,3,3,31,40.663615,-73.90151,331
Pennsylvania Avenue,3,3,32,40.664722,-73.894129,332
Van Siclen Avenue,3,3,33,40.665535,-73.888593,333
New Lots Avenue,3,3,34,40.666382,-73.882585,334
Woodlawn,4,4,1,40.886005,-73.878808,401
Mosholu Parkway,4,4,2,40.879711,-73.884687,402
Bedford Park Boulevard - Lehman College,4,4,3,40.873545,-73.889837,403
Kingsbridge Road,4,4,4,40.867444,-73.897433,404
Fordham Road,4,4,5,40.862706,-73.901124,405
183 Street,4,4,6,40.858324,-73.903999,406
Burnside Avenue,4,4,7,40.853748,-73.90739,407
176 Street,4,4,8,40.848619,-73.911767,408
Mt Eden Avenue,4,4,9,40.844268,-73.914814,409
170 Street,4,4,10,40.840178,-73.917732,410
167 Street,4,4,11,40.835665,-73.921337,411
161 Street - Yankee Stadium,4,4,12,40.827937,-73.925886,412
149 Street - Grand Concourse,4,4,13,40.8181,-73.9275,413
138 Street,4,4,14,40.81303,-73.929963,414
125 Street,4,4,15,40.804259,-73.937473,415
116 Street,4,4,16,40.798607,-73.942022,416
110 Street,4,4,17,40.794773,-73.944426,417
103 Street,4,4,18,40.79029,-73.947687,418
96 Street,4,4,19,40.785773,-73.950949,419
86 Street,4,4,20,40.779469,-73.955626,420
77 Street,4,4,21,40.773587,-73.959875,421
68 Street - Hunter College,4,4,22,40.767834,-73.964124,422
59 Street,4,4,23,40.762471,-73.9679,423
51 Street,4,4,24,40.757075,-73.971977,424
Grand Central - 42 Street,4,4,25,40.752283,-73.977519,425
33 Street,4,4,26,40.746389,-73.981944,426
28 Street,4,4,27,40.74329,-73.984165,427
23 Street,4,4,28,40.740169,-73.98644,428
14 Street - Union Square,4,4,29,40.734722,-73.990278,429
Astor Place,4,4,30,40.729722,-73.991667,430
Broadway - Lafayette Street / Bleecker Street,4,4,31,40.725833,-73.994722,431
Spring Street,4,4,32,40.722222,-73.997222,432
Canal Street,4,4,33,40.718056,-74,433
Brooklyn Bridge - City Hall,4,4,34,40.712778,-74.004722,434
Fulton Street,4,4,35,40.710206,-74.007744,435
Wall Street,4,4,36,40.70771,-74.011717,436
Bowling Green,4,4,37,40.704106,-74.014521,437
Borough Hall - Court Street,4,4,38,40.693655,-73.990216,438
Nevins Street,4,4,39,40.688709,-73.980904,439
Atlantic Avenue,4,4,40,40.684462,-73.978758,440
Bergen Street,4,4,41,40.680833,-73.97511,441
Grand Army Plaza,4,4,42,40.674584,-73.970518,442
Eastern Parkway - Brooklyn Museum,4,4,43,40.671622,-73.96275,443
Franklin Avenue,4,4,44,40.670711,-73.958545,444
Nostrand Avenue,4,4,45,40.6698,-73.95052,445
Kingston Avenue,4,4,46,40.669376,-73.942151,446
Crown Heights - Utica Avenue,4,4,47,40.668758,-73.931208,447
Sutter Avenue - Rutland Road,4,4,48,40.664884,-73.922882,448
Saratoga Avenue,4,4,49,40.661531,-73.915586,449
Rockaway Avenue,4,4,50,40.662541,-73.908892,450
Junius Street,4,4,51,40.663615,-73.90151,451
Pennsylvania Avenue,4,4,52,40.664722,-73.894129,452
Van Siclen Avenue,4,4,53,40.665535,-73.888593,453
New Lots Avenue,4,4,54,40.666382,-73.882585,454
Eastchester - Dyre Avenue,5,5,1,40.889055,-73.830614,501
Baychester Avenue,5,5,2,40.87864,-73.838369,502
Gun Hill Road,5,5,3,40.87017,-73.845806,503
Pelham Parkway,5,5,4,40.85813,-73.856063,504
Morris Park,5,5,5,40.854429,-73.860397,505
Nereid Avenue,5,5,6,40.898,-73.854,506
233 Street,5,5,7,40.893,-73.857,507
225 Street,5,5,8,40.888,-73.86,508
219 Street,5,5,9,40.883,-73.863,509
Gun Hill Road,5,5,10,40.877,-73.867,510
Burke Avenue,5,5,11,40.871,-73.867,511
Allerton Avenue,5,5,12,40.865,-73.867,512
Pelham Parkway,5,5,13,40.857,-73.868,513
Bronx Park East,5,5,14,40.849,-73.868,514
East 180 Street,5,5,15,40.841,-73.874,515
West Farms Square - East Tremont Avenue,5,5,16,40.84,-73.88,516
174 Street,5,5,17,40.837,-73.888,517
Freeman Street,5,5,18,40.83,-73.892,518
Simpson Street,5,5,19,40.824,-73.893,519
Intervale Avenue,5,5,20,40.822,-73.897,520
Prospect Avenue,5,5,21,40.819,-73.901,521
Jackson Avenue,5,5,22,40.8163,-73.908,522
3 Avenue - 149 Street,5,5,23,40.816099,-73.917676,523
149 Street - Grand Concourse,5,5,24,40.8181,-73.9275,524
138 Street,5,5,25,40.81303,-73.929963,525
125 Street,5,5,26,40.804259,-73.937473,526
86 Street,5,5,27,40.779469,-73.955626,527
59 Street,5,5,28,40.762471,-73.9679,528
Grand Central - 42 Street,5,5,29,40.752283,-73.977519,529
14 Street - Union Square,5,5,30,40.734722,-73.990278,530
Brooklyn Bridge - City Hall,5,5,31,40.712778,-74.004722,531
Fulton Street,5,5,32,40.710206,-74.007744,532
Wall Street,5,5,33,40.70771,-74.011717,533
Bowling Green,5,5,34,40.704106,-74.014521,534
Borough Hill,5,5,35,40.693655,-73.990216,535
Nevins Street,5,5,36,40.688709,-73.980904,536
Atlantic Avenue,5,5,37,40.684462,-73.978758,537
Franklin Avenue,5,5,38,40.670711,-73.958545,538
President Street,5,5,39,40.668009,-73.950691,539
Sterling Street,5,5,40,40.663061,-73.950863,540
Winthrop Street,5,5,41,40.657039,-73.950262,541
Church Avenue,5,5,42,40.650755,-73.950005,542
Beverly Road,5,5,43,40.645122,-73.94906,543
Newkirk Avenue,5,5,44,40.639912,-73.94846,544
Flatbush Avenue - Brooklyn College,5,5,45,40.632361,-73.947486,545
Pelham Bay Park,6,6,1,40.852871,-73.827138,601
Buhre Avenue,6,6,2,40.846995,-73.832331,602
Middletown Road,6,6,3,40.843424,-73.836751,603
Westchester Square - East Tremont Avenue,6,6,4,40.840567,-73.842072,604
Zerega Avenue,6,6,5,40.836769,-73.846793,605
Castle Hill Avenue,6,6,6,40.834139,-73.851686,606
Parkchester,6,6,7,40.833333,-73.860972,607
Saint Lawrence Avenue,6,6,8,40.831573,-73.867307,608
Morrison - Sound View Avenues,6,6,9,40.829495,-73.874474,609
Elder Avenue,6,6,10,40.828553,-73.879194,610
Whitlock Avenue,6,6,11,40.827514,-73.886147,611
Hunts Point Avenue,6,6,12,40.820565,-73.89164,612
Longwood Avenue,6,6,13,40.816278,-73.896232,613
East 149 Street,6,6,14,40.812088,-73.904171,614
East 143 Street - Saint Mary's Street,6,6,15,40.808125,-73.907862,615
Cypress Avenue,6,6,16,40.805526,-73.914514,616
Brook Avenue,6,6,17,40.80754,-73.91932,617
3 Avenue - 138 Street,6,6,18,40.810963,-73.927217,618
125 Street,6,6,19,40.804259,-73.937473,619
116 Street,6,6,20,40.798607,-73.942022,620
110 Street,6,6,21,40.794773,-73.944426,621
103 Street,6,6,22,40.79029,-73.947687,622
96 Street,6,6,23,40.785773,-73.950949,623
86 Street,6,6,24,40.779469,-73.955626,624
77 Street,6,6,25,40.773587,-73.959875,625
68 Street - Hunter College,6,6,26,40.767834,-73.964124,626
59 Street,6,6,27,40.762471,-73.9679,627
51 Street,6,6,28,40.757075,-73.971977,628
Grand Central - 42 Street,6,6,29,40.752283,-73.977519,629
33 Street,6,6,30,40.746389,-73.981944,630
28 Street,6,6,31,40.74329,-73.984165,631
23 Street,6,6,32,40.740169,-73.98644,632
14 Street - Union Square,6,6,33,40.734722,-73.990278,633
Astor Place,6,6,34,40.729722,-73.991667,634
Broadway - Lafayette Street / Bleecker Street,6,6,35,40.725833,-73.994722,635
Spring Street,6,6,36,40.722222,-73.997222,636
Canal Street,6,6,37,40.718056,-74,637
Brooklyn Bridge - City Hall,6,6,38,40.712778,-74.004722,638
Flushing - Main Street,7,7,1,40.759522,-73.830317,701
Mets - Willets Point,7,7,2,40.754558,-73.845581,702
111 Street,7,7,3,40.751714,-73.855636,703
103 Street - Corona Plaza,7,7,4,40.749825,-73.862733,704
Junction Boulevard,7,7,5,40.749175,-73.869097,705
90 Street - Elmhurst Avenue,7,7,6,40.748333,-73.876389,706
82 Street - Jackson Heights,7,7,7,40.747631,-73.883828,707
74 Street - Broadway,7,7,8,40.746764,-73.891519,708
69 Street,7,7,9,40.746258,-73.89685,709
Woodside - 61 Street,7,7,10,40.745608,-73.902967,710
52 Street,7,7,11,40.744036,-73.912864,711
46 Street,7,7,12,40.743133,-73.918403,712
40 Street,7,7,13,40.743811,-73.924178,713
33 Street,7,7,14,40.744617,-73.931306,714
Queensboro Plaza,7,7,15,40.750653,-73.940344,715
Court Square,7,7,16,40.747615,-73.945069,716
Hunters Point Avenue,7,7,17,40.742381,-73.949258,717
Vernon Boulevard - Jackson Avenue,7,7,18,40.74264,-73.95391,718
Grand Central - 42 Street,7,7,19,40.752283,-73.977519,719
5 Avenue - Bryant Park,7,7,20,40.754799,-73.984208,720
Times Square - 42 Street,7,7,21,40.756,-73.987,721
34 Street - Hudson Yards,7,7,22,40.755839,-74.001961,722
Inwood - 207 Street,A,8,1,40.867672,-73.921165,801
Dyckman Street,A,8,2,40.865465,-73.927345,802
190 Street,A,8,3,40.858986,-73.93404,803
181 Street,A,8,4,40.850891,-73.938289,804
175 Street,A,8,5,40.946541,-73.940091,805
Washington Heights - 168 Street,A,8,6,40.841022,-73.939791,806
163 Street - Amsterdam Avenue,A,8,7,40.836866,-73.940134,807
155 Street,A,8,8,40.830859,-73.9414,808
145 Street,A,8,9,40.82404,-73.944769,809
135 Street,A,8,10,40.81709,-73.94803,810
125 Street,A,8,11,40.810756,-73.952665,811
116 Street,A,8,12,40.804389,-73.955412,812
Cathedral Parkway (110 Street),A,8,13,40.800524,-73.958244,813
103 Street,A,8,14,40.79604,-73.96142,814
96 Street,A,8,15,40.791622,-73.964725,815
86 Street,A,8,16,40.785286,-73.969316,816
81 Street - Museum of Natural History,A,8,17,40.781971,-73.971763,817
72 Street,A,8,18,40.776154,-73.976011,818
59 Street - Columbus Circle,A,8,19,40.767997,-73.981934,819
50 Street,A,8,20,40.762276,-73.986139,820
42 Street - Port Authority Bus Terminal,A,8,21,40.756,-73.987,821
34 Street - Penn Station,A,8,22,40.752166,-73.993521,822
23 Street,A,8,23,40.745274,-73.998499,823
14 Street,A,8,24,40.739779,-74.002533,824
West 4 Street,A,8,25,40.731682,-74.000945,825
Spring Street,A,8,26,40.725503,-74.004035,826
Canal Street,A,8,27,40.72186,-74.005365,827
Chambers Street,A,8,28,40.712655,-74.009657,828
Fulton Street,A,8,29,40.710206,-74.007744,829
High Street,A,8,30,40.698889,-73.989722,830
Jay Street - Metro Tech,A,8,31,40.693681,-73.987233,831
Hoyt Street - Schermerhorn Street,A,8,32,40.689022,-73.986142,832
Lafayette Avenue,A,8,33,40.686268,-73.974466,833
Clinton-Washington Avenue,A,8,34,40.683176,-73.965883,834
Franklin Avenue,A,8,35,40.681126,-73.955712,835
Nostrand Avenue,A,8,36,40.680345,-73.949575,836
Kingston - Throop Avenue,A,8,37,40.679857,-73.940606,837
Utica Avenue,A,8,38,40.679239,-73.929062,838
Ralph Avenue,A,8,39,40.678815,-73.92168,839
Rockaway Avenue,A,8,40,40.67823,-73.910823,840
Broadway Junction (East New York),A,8,41,40.678919,-73.903453,841
Liberty Avenue,A,8,42,40.674357,-73.896489,842
Van Siclen Avenue,A,8,43,40.672697,-73.890266,843
Shepherd Avenue,A,8,44,40.674064,-73.880825,844
Euclid Avenue,A,8,45,40.675366,-73.871899,845
Grant Avenue,A,8,46,40.676635,-73.86559,846
80 Street,A,8,47,40.679434,-73.857822,847
88 Street,A,8,48,40.679857,-73.850968,848
Rockaway Boulevard,A,8,49,40.680459,-73.843703,849
Rockaway Boulevard,A1,9,1,40.680459,-73.843703,901
104 Street,A1,9,2,40.682233,-73.837352,902
111 Street,A1,9,3,40.684673,-73.831129,903
Ozone Park - Lefferts Boulevard,A1,9,4,40.686203,-73.82422,904
Rockaway Boulevard,A2,10,1,40.680459,-73.843703,1001
Aqueduct Racetrack,A2,10,2,40.672086,-73.835914,1002
Aqueduct - North Conduit Avenue,A2,10,3,40.668325,-73.834034,1003
Howard Beach - JFK Airport,A2,10,4,40.660445,-73.830316,1004
Broad Channel,A2,10,5,40.608618,-73.816,1005
Beach 67 Street,A2,10,6,40.59092,-73.79681,1006
Beach 60 Street,A2,10,7,40.592395,-73.788536,1007
Beach 44 Street,A2,10,8,40.592928,-73.775986,1008
Beach 36 Street,A2,10,9,40.595413,-73.768076,1009
Beach 25 Street,A2,10,10,40.600061,-73.761422,1010
Far Rockaway - Mott Avenue,A2,10,11,40.603983,-73.755426,1011
Broad Channel,A3,11,1,40.608618,-73.816,1101
Beach 90 Street,A3,11,2,40.588095,-73.813499,1102
Beach 98 Street,A3,11,3,40.585441,-73.820186,1103
Beach 105 Street,A3,11,4,40.538217,-73.827594,1104
Rockaway Park / Beach 116 Street,A3,11,5,40.580725,-73.83618,1105
Bedford Park Boulevard,B,12,1,40.872507,-73.887906,1201
Kingsbridge Road,B,12,2,40.866146,-73.894343,1202
Fordham Road,B,12,3,40.862414,-73.897133,1203
182-183 Streets,B,12,4,40.856766,-73.900309,1204
Tremont Avenue,B,12,5,40.849463,-73.905973,1205
174-175 Streets,B,12,6,40.845892,-73.910179,1206
170 Street,B,12,7,40.838814,-73.913741,1207
167 Street,B,12,8,40.8345,-73.9177,1208
161 Street - Yankee Stadium,B,12,9,40.827937,-73.925886,1209
155 Street,B,12,10,40.829917,-73.939104,1210
145 Street,B,12,11,40.82404,-73.944769,1211
135 Street,B,12,12,40.81709,-73.94803,1212
125 Street,B,12,13,40.810756,-73.952665,1213
116 Street,B,12,14,40.804389,-73.955412,1214
Cathedral Parkway (110 Street),B,12,15,40.800524,-73.958244,1215
103 Street,B,12,16,40.79604,-73.96142,1216
96 Street,B,12,17,40.791622,-73.964725,1217
86 Street,B,12,18,40.785286,-73.969316,1218
81 Street - Museum of Natural History,B,12,19,40.781971,-73.971763,1219
72 Street,B,12,20,40.776154,-73.976011,1220
59 Street - Columbus Circle,B,12,21,40.767997,-73.981934,1221
7 Avenue,B,12,22,40.762959,-73.981891,1222
47-50 Street - Rockefeller Center,B,12,23,40.758603,-73.981376,1223
42 Street - Bryant Park,B,12,24,40.754799,-73.984208,1224
34 Street - Herald Square,B,12,25,40.749338,-73.987985,1225
West 4 Street - Washington Square,B,12,26,40.731682,-74.000945,1226
Broadway - Lafayette Street / Bleecker Street,B,12,27,40.725833,-73.994722,1227
Grand Street,B,12,28,40.718119,-73.993864,1228
DeKalb Avenue,B,12,29,40.690254,-73.982277,1229
Atlantic Avenue,B,12,30,40.684462,-73.978758,1230
7 Avenue,B,12,31,40.679352,-73.973694,1231
Prospect Park,B,12,32,40.661507,-73.962461,1232
Church Avenue,B,12,33,40.64966,-73.963646,1233
Newkirk Plaza,B,12,34,40.6357,-73.963,1234
Kings Highway,B,12,35,40.609229,-73.95884,1235
Sheepshead Bay,B,12,36,40.587168,-73.953266,1236
Brighton Beach,B,12,37,40.577598,-73.961565,1237
Washington Height - 168 Street,C,13,1,40.841022,-73.939791,1301
163 Street - Amsterdam Avenue,C,13,2,40.836866,-73.940134,1302
155 Street,C,13,3,40.830859,-73.9414,1303
145 Street,C,13,4,40.82404,-73.944769,1304
135 Street,C,13,5,40.81709,-73.94803,1305
125 Street,C,13,6,40.810756,-73.952665,1306
116 Street,C,13,7,40.804389,-73.955412,1307
Cathedral Parkway (110 Street),C,13,8,40.800524,-73.958244,1308
103 Street,C,13,9,40.79604,-73.96142,1309
96 Street,C,13,10,40.791622,-73.964725,1310
86 Street,C,13,11,40.785286,-73.969316,1311
81 Street - Museum of Natural History,C,13,12,40.781971,-73.971763,1312
72 Street,C,13,13,40.776154,-73.976011,1313
59 Street - Columbus Cricel,C,13,14,40.767997,-73.981934,1314
50 Street,C,13,15,40.762276,-73.986139,1315
42 Street - Port Authority Bus Terminal,C,13,16,40.756,-73.987,1316
34 Street - Penn Station,C,13,17,40.752166,-73.993521,1317
23 Street,C,13,18,40.745274,-73.998499,1318
14 Street,C,13,19,40.739779,-74.002533,1319
West 4 Street,C,13,20,40.731682,-74.000945,1320
Spring Street,C,13,21,40.725503,-74.004035,1321
Canal Street,C,13,22,40.72186,-74.005365,1322
Chambers Street,C,13,23,40.712655,-74.009657,1323
Fulton Street,C,13,24,40.710206,-74.007744,1324
High Street,C,13,25,40.698889,-73.989722,1325
Jay Street - Metro Tech,C,13,26,40.693681,-73.987233,1326
Hoyt Street - Schermerhorn Street,C,13,27,40.689022,-73.986142,1327
Lafayette Avenue,C,13,28,40.686268,-73.974466,1328
Clinton-Washington Avenues,C,13,29,40.683176,-73.965883,1329
Franklin Avenue,C,13,30,40.681126,-73.955712,1330
Nostrand Avenue,C,13,31,40.680345,-73.949575,1331
Kingston-Throop Avenues,C,13,32,40.679857,-73.940606,1332
Utica Avenue,C,13,33,40.679239,-73.929062,1333
Ralph Avenue,C,13,34,40.678815,-73.92168,1334
Rockaway Avenue,C,13,35,40.67823,-73.910823,1335
Broadway Junction (East New York),C,13,36,40.678919,-73.903453,1336
Liberty Avenue,C,13,37,40.674357,-73.896489,1337
Van Siclen Avenue,C,13,38,40.672697,-73.890266,1338
Shepherd Avenue,C,13,39,40.674064,-73.880825,1339
Euclid Avenue,C,13,40,40.675366,-73.871899,1340
Norwood - 205 Street,D,14,1,40.874908,-73.879452,1401
Bedford Park Boulevard,D,14,2,40.872507,-73.887906,1402
Kingsbridge Road,D,14,3,40.866146,-73.894343,1403
Fordham Road,D,14,4,40.862414,-73.897133,1404
182-183 Streets,D,14,5,40.856766,-73.900309,1405
Tremont Avenue,D,14,6,40.849463,-73.905973,1406
174-175 Streets,D,14,7,40.845892,-73.910179,1407
170 Street,D,14,8,40.838814,-73.913741,1408
167 Street,D,14,9,40.8345,-73.9177,1409
161 Street - Yankee Stadium,D,14,10,40.827937,-73.925886,1410
155 Street,D,14,11,40.829917,-73.939104,1411
145 Street,D,14,12,40.82404,-73.944769,1412
125 Street,D,14,13,40.810756,-73.952665,1413
59 Street - Columbus Circle,D,14,14,40.767997,-73.981934,1414
7 Avenue,D,14,15,40.762959,-73.981891,1415
47-50 Streets - Rockefeller Center,D,14,16,40.758603,-73.981376,1416
42 Street - Bryant Park,D,14,17,40.754799,-73.984208,1417
34 Street - Herald Square,D,14,18,40.749338,-73.987985,1418
West 4 Street - Washington Square,D,14,19,40.731682,-74.000945,1419
Broadway - Lafayette Street / Bleecker Street,D,14,20,40.725833,-73.994722,1420
Grand Street,D,14,21,40.718119,-73.993864,1421
DeKalb Avenue,D,14,22,40.690254,-73.982277,1422
Atlantic Avenue / Barclays Center / 4 Avenue,D,14,23,40.684462,-73.978758,1423
Union Street,D,14,24,40.678108,-73.98391,1424
9 Street,D,14,25,40.670956,-73.991397,1425
Prospect Avenue,D,14,26,40.666789,-73.994079,1426
25 Street,D,14,27,40.6605,-73.998,1427
36 Street,D,14,28,40.65445,-74.00455,1428
9 Avenue,D,14,29,40.646575,-73.994674,1429
Fort Hamilton Parkway,D,14,30,40.6407,-73.9944,1430
50 Street,D,14,31,40.63611,-73.99498,1431
55 Street,D,14,32,40.631892,-73.995709,1432
62 Street,D,14,33,40.626086,-73.997887,1433
71 Street,D,14,34,40.619165,-73.998992,1434
79 Street,D,14,35,40.61339,-74.001514,1435
18 Avenue,D,14,36,40.608667,-74.002115,1436
20 Avenue,D,14,37,40.6047,-73.9985,1437
Bay Parkway,D,14,38,40.602655,-73.994293,1438
25 Avenue,D,14,39,40.598607,-73.987352,1439
Bay 50 Street,D,14,40,40.589279,-73.984122,1440
Coney Island - Stillwell Avenue,D,14,41,40.577342,-73.981139,1441
Jamaica Center - Parsons/Archer,E,15,1,40.702407,-73.799973,1501
Sutphin Boulevard / Archer Avenue / JFK Airport,E,15,2,40.700488,-73.80774,1502
Jamaica - Van Wyck,E,15,3,40.701905,-73.81656,1503
Briarwood,E,15,4,40.70969,-73.8196,1504
Kew Gardens - Union Turnpike,E,15,5,40.714151,-73.830786,1505
75 Avenue,E,15,6,40.71864,-73.837738,1506
Forest Hills - 71 Avenue,E,15,7,40.721404,-73.844004,1507
67 Avenue,E,15,8,40.726966,-73.853703,1508
63 Drive - Rego Park,E,15,9,40.73,-73.862,1509
Woodhaven Boulevard,E,15,10,40.73347,-73.870397,1510
Grand Avenue - Newtown,E,15,11,40.73695,-73.877521,1511
Elmhurst Avenue,E,15,12,40.741795,-73.88104,1512
Jackson Heights - Roosevelt Avenue,E,15,13,40.746764,-73.891519,1513
65 Street,E,15,14,40.7494,-73.8973,1514
Northern Boulevard,E,15,15,40.753239,-73.906918,1515
46 Street,E,15,16,40.756685,-73.914256,1516
Steinway Street,E,15,17,40.758668,-73.918934,1517
36 Street,E,15,18,40.752036,-73.927903,1518
Queens Plaza,E,15,19,40.748915,-73.937387,1519
Court Sqaure - 23 Street,E,15,20,40.747615,-73.945069,1520
Lexington Avenue / 53 Street,E,15,21,40.757075,-73.971977,1521
5 Avenue / 53 Street,E,15,22,40.760326,-73.975754,1522
7 Avenue,E,15,23,40.762959,-73.981891,1523
50 Street,E,15,24,40.762276,-73.986139,1524
42 Street - Port Authority Bus Terminal,E,15,25,40.756,-73.987,1525
34 Street - Penn Station,E,15,26,40.752166,-73.993521,1526
23 Street,E,15,27,40.745274,-73.998499,1527
14 Street,E,15,28,40.739779,-74.002533,1528
West 4 Street,E,15,29,40.731682,-74.000945,1529
Spring Street,E,15,30,40.725503,-74.004035,1530
Canal Street,E,15,31,40.72186,-74.005365,1531
World Trade Center,E,15,32,40.712655,-74.009657,1532
Jamaica - 179 Street,F,16,1,40.712459,-73.78448,1601
169 Street,F,16,2,40.710638,-73.793063,1602
Parsons Boulevard,F,16,3,40.70771,-73.802762,1603
Sutphin Boulevard,F,16,4,40.705726,-73.809714,1604
Briarwood,F,16,5,40.70969,-73.8196,1605
Kew Gardens Union Turnpike,F,16,6,40.714151,-73.830786,1606
75 Avenue,F,16,7,40.71864,-73.837738,1607
Forest Hills - 71 Avenue,F,16,8,40.721404,-73.844004,1608
Jackson Heights - Roosevelt Avenue,F,16,9,40.746764,-73.891519,1609
21 Street - Queensbridge / 41 Avenue,F,16,10,40.753954,-73.942451,1610
Roosevelt Island,F,16,11,40.759188,-73.953438,1611
Lexington Avenue / 63 Street,F,16,12,40.764649,-73.966398,1612
57 Street,F,16,13,40.764259,-73.977213,1613
47-50 Streets - Rockefeller Center,F,16,14,40.758603,-73.981376,1614
42 Street - Bryant Park,F,16,15,40.754799,-73.984208,1615
34 Street - Herald Square,F,16,16,40.749338,-73.987985,1616
23 Street,F,16,17,40.742933,-73.992877,1617
14 Street,F,16,18,40.737328,-73.996796,1618
West 4 Street,F,16,19,40.731682,-74.000945,1619
Broadway - Lafayette Street / Bleecker Street,F,16,20,40.725833,-73.994722,1620
Lower East Side - 2 Avenue,F,16,21,40.723616,-73.991117,1621
Delancey Street,F,16,22,40.71851,-73.988199,1622
East Broadway,F,16,23,40.714216,-73.990259,1623
York Street,F,16,24,40.701529,-73.986783,1624
Jay Street - Metro Tech,F,16,25,40.693681,-73.987233,1625
Bergen Street,F,16,26,40.687253,-73.990006,1626
Carroll Street,F,16,27,40.6802,-73.9948,1627
Smith - 9 Streets,F,16,28,40.67425,-73.996842,1628
4 Avenue,F,16,29,40.670956,-73.991397,1629
7 Avenue,F,16,30,40.666831,-73.9816,1630
15 Street - Prospect Park,F,16,31,40.660544,-73.979983,1631
Fort Hamilton Parkway,F,16,32,40.651456,-73.975856,1632
Church Avenue,F,16,33,40.642792,-73.979431,1633
Ditmas Avenue,F,16,34,40.636264,-73.978172,1634
18 Avenue,F,16,35,40.629625,-73.976964,1635
Avenue I,F,16,36,40.625922,-73.976219,1636
Bay Parkway,F,16,37,40.620861,-73.975231,1637
Avenue N,F,16,38,40.615044,-73.974219,1638
Avenue P,F,16,39,40.608739,-73.973014,1639
Kings Highway,F,16,40,40.603186,-73.972344,1640
Avenue U,F,16,41,40.59615,-73.973319,1641
Avenue X,F,16,42,40.590142,-73.974125,1642
Neptune Avenue,F,16,43,40.580397,-73.974567,1643
West 8 Street - New York Aquarium,F,16,44,40.576178,-73.9758,1644
Coney Island - Stillwell Avenue,F,16,45,40.577342,-73.981139,1645
Court Square,G,17,1,40.747615,-73.945069,1701
21 Street,G,17,2,40.744591,-73.948674,1702
Greenpoint Avenue,G,17,3,40.730153,-73.954296,1703
Nassau Avenue,G,17,4,40.723811,-73.95082,1704
Metropolitan Avenue,G,17,5,40.712752,-73.951464,1705
Broadway,G,17,6,40.705433,-73.950219,1706
Flushing Avenue,G,17,7,40.699739,-73.950176,1707
Myrtle - Willoughby Avenue,G,17,8,40.694631,-73.949103,1708
Bedford - Nostrand Avenues,G,17,9,40.689587,-73.953567,1709
Classon Avenue,G,17,10,40.688839,-73.960047,1710
Clinton-Washington Avenues,G,17,11,40.688058,-73.96687,1711
Fulton Street,G,17,12,40.686984,-73.976269,1712
Hoyt Street - Schermerhorn Street,G,17,13,40.689022,-73.986142,1713
Bergen Street,G,17,14,40.687253,-73.990006,1714
Carroll Street,G,17,15,40.6802,-73.9948,1715
Smith - 9 Streets,G,17,16,40.67425,-73.996842,1716
4 Avenue,G,17,17,40.670956,-73.991397,1717
7 Avenue,G,17,18,40.666831,-73.9816,1718
15 Street - Prospect Park,G,17,19,40.660544,-73.979983,1719
Fort Hamilton Parkway,G,17,20,40.651456,-73.975856,1720
Church Avenue,G,17,21,40.642792,-73.979431,1721
Jamaica Center - Parsons/Archer,J,18,1,40.702407,-73.799973,1801
Sutphin Boulevard / Archer Avenue / JFK Airport,J,18,2,40.700488,-73.80774,1802
121 Street,J,18,3,40.700357,-73.82894,1803
111 Street,J,18,4,40.696876,-73.837223,1804
104 Street,J,18,5,40.695184,-73.843231,1805
Woodhaven Boulevard,J,18,6,40.693622,-73.852158,1806
85 Street - Forest Parkway,J,18,7,40.692418,-73.86014,1807
75 Street,J,18,8,40.691377,-73.866534,1808
Cypress Hills,J,18,9,40.689722,-73.873056,1809
Crescent Street,J,18,10,40.683655,-73.872414,1810
Norwood Avenue,J,18,11,40.681582,-73.879151,1811
Cleveland Street,J,18,12,40.679629,-73.885589,1812
Van Siclen Avenue,J,18,13,40.678002,-73.891726,1813
Alabama Avenue,J,18,14,40.67683,-73.900008,1814
Broadway Junction (Eastern Parkway),J,18,15,40.678919,-73.903453,1815
Chauncey Street,J,18,16,40.682623,-73.910136,1816
Halsey Street,J,18,17,40.685682,-73.915458,1817
Gates Avenue,J,18,18,40.68949,-73.922067,1818
Kosciuszko Street,J,18,19,40.6933,-73.9287,1819
Myrtle Avenue,J,18,20,40.696944,-73.935278,1820
Flushing Avenue,J,18,21,40.700683,-73.941979,1821
Lorimer Street,J,18,22,40.704099,-73.947902,1822
Hewes Street,J,18,23,40.706669,-73.953009,1823
Marcy Avenue,J,18,24,40.708361,-73.957944,1824
Essex Street,J,18,25,40.71851,-73.988199,1825
Bowery,J,18,26,40.720299,-73.994079,1826
Canal Street,J,18,27,40.718056,-74,1827
Chambers Street,J,18,28,40.712778,-74.004722,1828
Fulton Street,J,18,29,40.710206,-74.007744,1829
Broad Street,J,18,30,40.707059,-74.01073,1830
8 Avenue,L,19,1,40.739779,-74.002533,1901
6 Avenue,L,19,2,40.737328,-73.996796,1902
14 Street / Union Square,L,19,3,40.734722,-73.990278,1903
3 Avenue,L,19,4,40.733243,-73.987212,1904
1 Avenue,L,19,5,40.731324,-73.982577,1905
Bedford Avenue,L,19,6,40.71772,-73.95756,1906
Lorimer Street,L,19,7,40.712752,-73.951464,1907
Graham Avenue,L,19,8,40.714509,-73.944426,1908
Grand Street,L,19,9,40.711906,-73.940735,1909
Montrose Avenue,L,19,10,40.707612,-73.939877,1910
Morgan Avenue,L,19,11,40.706994,-73.923569,1911
Jefferson Street,L,19,12,40.706994,-73.923569,1912
DeKalb Avenue,L,19,13,40.704294,-73.919277,1913
Myrtle - Wyckoff Avenues,L,19,14,40.699511,-73.911166,1914
Halsey Street,L,19,15,40.696095,-73.905029,1915
Wilson Avenue,L,19,16,40.6885,-73.9044,1916
Bushwick Avenue - Aberdeen Street,L,19,17,40.682851,-73.905158,1917
Broadway Junction (Fulton Street),L,19,18,40.678919,-73.903453,1918
Atlantic Avenue,L,19,19,40.675724,-73.902969,1919
Sutter Avenue,L,19,20,40.668367,-73.901768,1920
Livonia Avenue,L,19,21,40.663745,-73.90048,1921
New Lots Avenue,L,19,22,40.659025,-73.899364,1922
East 105 Street,L,19,23,40.651308,-73.899021,1923
Canarsie - Rockway Parkway,L,19,24,40.645382,-73.902626,1924
Forest Hills - 71 Avenue,M,20,1,40.721404,-73.844004,2001
67 Avenue,M,20,2,40.726966,-73.853703,2002
63 Drive,M,20,3,40.73,-73.862,2003
Woodhaven Boulevard,M,20,4,40.73347,-73.870397,2004
Grand Avenue - Newtown,M,20,5,40.73695,-73.877521,2005
Elmhurst Avenue,M,20,6,40.741795,-73.88104,2006
Jackson Heights - Roosevelt Avenue,M,20,7,40.746764,-73.891519,2007
65 Street,M,20,8,40.7494,-73.8973,2008
Northern Boulevard,M,20,9,40.753239,-73.906918,2009
46 Street,M,20,10,40.756685,-73.914256,2010
Steinway Street,M,20,11,40.758668,-73.918934,2011
36 Street,M,20,12,40.752036,-73.927903,2012
Queens Plaza,M,20,13,40.748915,-73.937387,2013
Court Square - 23 Street,M,20,14,40.747615,-73.945069,2014
Lexington Avenue / 53 Street,M,20,15,40.757075,-73.971977,2015
5 Avenue / 53 Street,M,20,16,40.760326,-73.975754,2016
47-60 Streets - Rockefeller Center,M,20,17,40.758603,-73.981376,2017
42 Street - Bryant Park,M,20,18,40.754799,-73.984208,2018
34 Street - Herald Square,M,20,19,40.749338,-73.987985,2019
23 Street,M,20,20,40.742933,-73.992877,2020
14 Street,M,20,21,40.737328,-73.996796,2021
West 4 Street,M,20,22,40.731682,-74.000945,2022
Broadway - Lafayette Street / Bleecker Street,M,20,23,40.725833,-73.994722,2023
Essex Street,M,20,24,40.71851,-73.988199,2024
Marcy Avenue,M,20,25,40.708361,-73.957944,2025
Hewes Street,M,20,26,40.706669,-73.953009,2026
Lorimer Street,M,20,27,40.704099,-73.947902,2027
Flushing Avenue,M,20,28,40.700683,-73.941979,2028
Myrtle Avenue / Broadway,M,20,29,40.696944,-73.935278,2029
Central Avenue,M,20,30,40.698015,-73.9252,2030
Knickerbocker Avenue,M,20,31,40.698731,-73.918376,2031
Myrtle Avenue / Wyckoff Avenue,M,20,32,40.699511,-73.911166,2032
Seneca Avenue / Palmetto Street,M,20,33,40.702765,-73.907733,2033
Forest Avenue,M,20,34,40.704619,-73.901982,2034
Fresh Pond Road,M,20,35,40.705953,-73.896704,2035
Middle Village / Metropolitan Avenue,M,20,36,40.712232,-73.889194,2036
Astoria - Ditmars Boulevard,N,21,1,40.776089,-73.910737,2101
Astoria Boulevard,N,21,2,40.769979,-73.918161,2102
30 Avenue,N,21,3,40.766859,-73.921423,2103
Broadway,N,21,4,40.761951,-73.925414,2104
36 Avenue,N,21,5,40.756555,-73.929791,2105
39 Avenue,N,21,6,40.752686,-73.932924,2106
Queensboro Plaza,N,21,7,40.750653,-73.940344,2107
Lexington Avenue / 59 Street,N,21,8,40.762471,-73.9679,2108
5 Avenue / 59 Street,N,21,9,40.764779,-73.972621,2109
57 Street,N,21,10,40.765461,-73.980088,2110
49 Street,N,21,11,40.760423,-73.983779,2111
Times Square - 42 Street,N,21,12,40.756,-73.987,2112
34 Street - Herald Square,N,21,13,40.749338,-73.987985,2113
28 Street,N,21,14,40.745241,-73.988757,2114
23 Street,N,21,15,40.741339,-73.989272,2115
14 Street - Union Square,N,21,16,40.734722,-73.990278,2116
8 Street - New York University,N,21,17,40.730543,-73.992448,2117
Prince Street,N,21,18,40.724202,-73.997812,2118
Canal Street,N,21,19,40.718056,-74,2119
City Hall,N,21,20,40.71324,-74.007082,2120
Cortlandt Street,N,21,21,40.710735,-74.011245,2121
Rector Street,N,21,22,40.70771,-74.013004,2122
Whitehall Street South Ferry,N,21,23,40.702472,-74.012833,2123
Court Street - Borough Hall,N,21,24,40.693655,-73.990216,2124
Jay Street - Metro Tech,N,21,25,40.693681,-73.987233,2125
Dekalb Avenue,N,21,26,40.690254,-73.982277,2126
Atlantic Avenue,N,21,27,40.684462,-73.978758,2127
Union Street,N,21,28,40.678108,-73.98391,2128
4 Avenue / 9 Street,N,21,29,40.670956,-73.991397,2129
Prospect Avenue,N,21,30,40.666789,-73.994079,2130
25 Street,N,21,31,40.6605,-73.998,2131
36 Street,N,21,32,40.65445,-74.00455,2132
45 Street,N,21,33,40.649447,-74.009381,2133
53 Street,N,21,34,40.643611,-74.015517,2134
59 Street,N,21,35,40.641078,-74.018181,2135
8 Avenue,N,21,36,40.634558,-74.010694,2136
Fort Hamilton Parkway,N,21,37,40.6321,-74.006525,2137
New Utrecht Avenue,N,21,38,40.626086,-73.997887,2138
18 Avenue,N,21,39,40.620019,-73.989444,2139
20 Avenue,N,21,40,40.617164,-73.984844,2140
Bay Parkway,N,21,41,40.612886,-73.981992,2141
Kings Highway,N,21,42,40.603147,-73.980231,2142
Avenue U,N,21,43,40.596494,-73.978967,2143
86 Street,N,21,44,40.592656,-73.978261,2144
Coney Island - Stillwell Avenue,N,21,45,40.577342,-73.981139,2145
Astoria - Ditmars Boulevard,Q,22,1,40.776089,-73.910737,2201
Astoria Boulevard,Q,22,2,40.769979,-73.918161,2202
30 Avenue,Q,22,3,40.766859,-73.921423,2203
Broadway,Q,22,4,40.761951,-73.925414,2204
36 Avenue,Q,22,5,40.756555,-73.929791,2205
39 Avenue,Q,22,6,40.752686,-73.932924,2206
Queensboro Plaza,Q,22,7,40.750653,-73.940344,2207
Lexington Avenue / 59 Street,Q,22,8,40.762471,-73.9679,2208
5 Avenue / 59 Street,Q,22,9,40.764779,-73.972621,2209
57 Street,Q,22,10,40.765461,-73.980088,2210
49 Street,Q,22,11,40.760423,-73.983779,2211
Times Square - 42 Street,Q,22,12,40.756,-73.987,2212
34 Street - Herald Square,Q,22,13,40.749338,-73.987985,2213
28 Street,Q,22,14,40.745241,-73.988757,2214
23 Street,Q,22,15,40.741339,-73.989272,2215
14 Street - Union Square,Q,22,16,40.734722,-73.990278,2216
8 Street - New York University,Q,22,17,40.730543,-73.992448,2217
Prince Street,Q,22,18,40.724202,-73.997812,2218
Canal Street,Q,22,19,40.718056,-74,2219
Dekalb Avenue,Q,22,20,40.690254,-73.982277,2220
Atlantic Avenue,Q,22,21,40.684462,-73.978758,2221
7 Avenue,Q,22,22,40.679352,-73.973694,2222
Prospect Park,Q,22,23,40.661507,-73.962461,2223
Parkside Avenue,Q,22,24,40.65535,-73.961651,2224
Church Avenue,Q,22,25,40.64966,-73.963646,2225
Beverley Road,Q,22,26,40.644625,-73.964472,2226
Cortelyou Road,Q,22,27,40.641597,-73.9643,2227
Newkirk Plaza,Q,22,28,40.6357,-73.963,2228
Avenue H,Q,22,29,40.630003,-73.962016,2229
Avenue J,Q,22,30,40.625276,-73.961372,2230
Avenue M,Q,22,31,40.618269,-73.95961,2231
Kings Highway,Q,22,32,40.609229,-73.95884,2232
Avenue U,Q,22,33,40.598875,-73.955841,2233
Neck Road,Q,22,34,40.595124,-73.95528,2234
Sheepshead Bay,Q,22,35,40.587168,-73.953266,2235
Brighton Beach,Q,22,36,40.577598,-73.961565,2236
Ocean Parkway,Q,22,37,40.576252,-73.968587,2237
West 8 Street - New York Aquarium,Q,22,38,40.576178,-73.9758,2238
Coney Island - Stillwell Avenue,Q,22,39,40.577342,-73.981139,2239
Forest Hills - 71 Avenue,R,23,1,40.721404,-73.844004,2301
67 Avenue,R,23,2,40.726966,-73.853703,2302
63 Drive / Rego Park,R,23,3,40.73,-73.862,2303
Woodhaven Boulevard,R,23,4,40.73347,-73.870397,2304
Grand Avenue - Newtown,R,23,5,40.73695,-73.877521,2305
Elmhurst Avenue,R,23,6,40.741795,-73.88104,2306
Jackson Heights - Roosevelt Avenue,R,23,7,40.746764,-73.891519,2307
65 Street,R,23,8,40.7494,-73.8973,2308
Northern Boulevard,R,23,9,40.753239,-73.906918,2309
46 Street,R,23,10,40.756685,-73.914256,2310
Steinway Street,R,23,11,40.758668,-73.918934,2311
36 Street,R,23,12,40.752036,-73.927903,2312
Queens Plaza,R,23,13,40.748915,-73.937387,2313
Lexington Avenue,R,23,14,40.762471,-73.9679,2314
5 Avenue,R,23,15,40.764779,-73.972621,2315
57 Street,R,23,16,40.765461,-73.980088,2316
49 Street,R,23,17,40.760423,-73.983779,2317
Times Square - 42 Street,R,23,18,40.756,-73.987,2318
34 Street - Herald Square,R,23,19,40.749338,-73.987985,2319
28 Street,R,23,20,40.745241,-73.988757,2320
23 Street,R,23,21,40.741339,-73.989272,2321
14 Street - Union Square,R,23,22,40.734722,-73.990278,2322
8 Street - New York University,R,23,23,40.730543,-73.992448,2323
Prince Street,R,23,24,40.724202,-73.997812,2324
Canal Street,R,23,25,40.718056,-74,2325
City Hall,R,23,26,40.71324,-74.007082,2326
Cortlandt Street,R,23,27,40.710735,-74.011245,2327
Rector Street,R,23,28,40.70771,-74.013004,2328
Whitehall Street South Ferry,R,23,29,40.702472,-74.012833,2329
Court Street - Borough Hall,R,23,30,40.693655,-73.990216,2330
Jay Street - Metro Tech,R,23,31,40.693681,-73.987233,2331
Dekalb Avenue,R,23,32,40.690254,-73.982277,2332
Atlantic Avenue,R,23,33,40.684462,-73.978758,2333
Union Street,R,23,34,40.678108,-73.98391,2334
9 Street,R,23,35,40.670956,-73.991397,2335
Prospect Avenue,R,23,36,40.666789,-73.994079,2336
25 Street,R,23,37,40.6605,-73.998,2337
36 Street,R,23,38,40.65445,-74.00455,2338
45 Street,R,23,39,40.649447,-74.009381,2339
53 Street,R,23,40,40.643611,-74.015517,2340
59 Street,R,23,41,40.641078,-74.018181,2341
Bay Ridge Avenue,R,23,42,40.633678,-74.023853,2342
77 Street,R,23,43,40.628497,-74.025936,2343
86 Street,R,23,44,40.622694,-74.028383,2344
Bay Ridge - 95 Street,R,23,45,40.616167,-74.031222,2345
42 Street - Times Square,S1,24,1,40.756,-73.987,2401
42 Street - Grand Central,S1,24,2,40.752283,-73.977519,2402
Franklin Avenue,S2,25,1,40.681126,-73.955712,2501
Park Place,S2,25,2,40.674357,-73.957858,2502
Botanic Garden,S2,25,3,40.670711,-73.958545,2503
Prospect Park,S2,25,4,40.661507,-73.962461,2504
Broad Channel,S3,26,1,40.608618,-73.816,2601
Beach 90 Street,S3,26,2,40.588095,-73.813499,2602
Beach 98 Street,S3,26,3,40.585441,-73.820186,2603
Beach 105 Street,S3,26,4,40.538217,-73.827594,2604
Rockaway Park - Beach 116 Street,S3,26,5,40.580725,-73.83618,2605